{"timestamps": [1562560610.271215], "initial_reset_timestamp": 1562560586.080548, "episode_types": ["t", "t"], "episode_lengths": [100], "episode_rewards": [158.0]}