{"timestamps": [1563226462.832763], "initial_reset_timestamp": 1563226445.338756, "episode_types": ["t", "t"], "episode_lengths": [100], "episode_rewards": [157.0]}